loc,cc,nested_depth,params,object_params,fan_in,fan_out,halstead_volume,halstead_effort
9.774231865695281,3.0452961672473866,0.4873297434273044,1.229727589483687,0.8900063351282863,1.1331960722204624,1.0632720937598987,403.76315568577763,15696.123132720939
9.526094484293841,3.0200346277516696,0.4783576552065298,1.265644323522137,0.9040316596586693,1.3710116250309177,0.864704427405392,362.9366633687856,12001.96976502597
9.891089108910892,3.0571927781013395,0.49155503785672683,1.2128130460104833,0.883401281304601,1.021199767035527,1.1567850902737333,422.98988934187537,17435.839156668608
