,loc,cc,nested_depth,params,object_params,fan_in,fan_out,halstead_volume,halstead_effort
ALL,9.776485481446317,3.045889706464119,0.48745945090592613,1.2292111717699186,0.8895482237518791,1.1324471872774744,1.0634543872141784,403.8126703061951,15693.672623625285
PASS,9.505231689088191,3.0127055306427506,0.4773293472845042,1.268809167912307,0.9075734927752865,1.3766816143497758,0.8647234678624813,362.2226905829596,11994.95183856502
FAIL,9.902724637681159,3.0613333333333332,0.49217391304347824,1.2107826086956521,0.881159420289855,1.0187826086956522,1.1559420289855074,423.1682852173913,17415.025114202897
