,Coef.,Std.Err.,z,P>|z|,[0.025,0.975]
loc,2.237044e-02,3.885588e-02,5.757284e-01,5.647988e-01,-5.378570e-02,9.852657e-02
cc,-2.032257e-02,2.588704e-02,-7.850481e-01,4.324254e-01,-7.106024e-02,3.041510e-02
nested_depth,-2.042367e-02,1.762063e-02,-1.159077e+00,2.464247e-01,-5.495946e-02,1.411213e-02
params,-1.494737e-01,2.122271e-02,-7.043100e+00,1.880091e-12,-1.910694e-01,-1.078779e-01
object_params,1.427003e-01,2.100194e-02,6.794626e+00,1.085935e-11,1.015373e-01,1.838634e-01
fan_in,-7.463850e-02,1.069132e-02,-6.981224e+00,2.926200e-12,-9.559310e-02,-5.368390e-02
fan_out,1.409877e-01,1.787737e-02,7.886381e+00,3.110765e-15,1.059487e-01,1.760267e-01
halstead_effort,-2.332443e-03,2.758280e-02,-8.456152e-02,9.326100e-01,-5.639373e-02,5.172885e-02
