,Coef.,Std.Err.,z,P>|z|,[0.025,0.975]
loc,2.243909e-02,3.885534e-02,5.775034e-01,5.635994e-01,-5.371597e-02,9.859415e-02
cc,-2.038763e-02,2.588589e-02,-7.875962e-01,4.309330e-01,-7.112304e-02,3.034778e-02
nested_depth,-2.039296e-02,1.762020e-02,-1.157362e+00,2.471243e-01,-5.492792e-02,1.414200e-02
params,-1.494582e-01,2.122229e-02,-7.042510e+00,1.888070e-12,-1.910531e-01,-1.078633e-01
object_params,1.426311e-01,2.100098e-02,6.791639e+00,1.108669e-11,1.014699e-01,1.837922e-01
fan_in,-7.465809e-02,1.069125e-02,-6.983100e+00,2.887373e-12,-9.561256e-02,-5.370362e-02
fan_out,1.409658e-01,1.787686e-02,7.885379e+00,3.135826e-15,1.059278e-01,1.760038e-01
halstead_effort,-2.370861e-03,2.758119e-02,-8.595934e-02,9.314987e-01,-5.642901e-02,5.168729e-02
