,loc,cc,nested_depth,params,object_params,fan_in,fan_out,halstead_volume,halstead_effort
ALL,10.214836606503935,3.12305531260767,0.5072221780498795,1.2620126686279187,0.9243062733561263,1.1210675571810977,1.0732289099149241,424.73420158490364,17135.70908987305
PASS,9.693206979009831,2.995394562040563,0.49136480382605613,1.277743335399876,0.8927464352138872,1.3639181649101053,0.8930121335577008,381.5319449118767,14332.297362501107
FAIL,10.437594553706505,3.177571860816944,0.5139939485627837,1.2552950075642966,0.9377836611195158,1.0173600605143722,1.1501891074130106,443.1833952344932,18332.88465015129
