,loc,cc,nested_depth,params,object_params,fan_in,fan_out,halstead_volume,halstead_effort
ALL,10.214692709299552,3.1229692841809555,0.507221795245541,1.2619722789070575,0.9242572814247476,1.1210081361142765,1.0731985264887498,424.72029708743014,17134.916041661145
PASS,9.693206979009831,2.995394562040563,0.49136480382605613,1.277743335399876,0.8927464352138872,1.3639181649101053,0.8930121335577008,381.5319449118767,14332.297362501107
FAIL,10.437372362151123,3.1774449739051507,0.5139928900990848,1.2552378791316845,0.937712729748128,1.0172831102034643,1.1501399289009908,443.162157930565,18331.66241131533
