,loc,cc,nested_depth,params,object_params,fan_in,fan_out,halstead_volume,halstead_effort
ALL,10.22765612111859,3.1266264002341484,0.5081286751988932,1.26472075140356,0.9267221882233989,1.1233004283851742,1.0751669637868184,425.5296173801985,17175.519600085147
PASS,9.654938164082912,2.9880682807873193,0.48937467340184637,1.2674621146141787,0.8835568716251524,1.3522034488765025,0.8868663995819543,379.58018376589445,14218.712948963594
FAIL,10.47959848281675,3.187579019960921,0.5163786828090877,1.2635148078617677,0.9457108923029769,1.0226044979119573,1.1580016091337497,445.74307267920767,18476.238115397875
