index,PROJECT,Line Coverage,Branch Coverage
1,JsonBox,66.48%,56.57%
2,re2,48.92%,34.98%
3,leveldb,19.69%,13.61%
4,Catch2,27.15%,18.24%
5,glomap,16.59%,7.91%
6,ninja,14.82%,10.12%
7,tinyxml2,58.83%,56.28%
8,yaml-cpp,54.28%,46.83%
9,exiv2,1.78%,0.13%
10,poppler,1.32%,0.96%
,Total,30.985999999999997%,24.563000000000002%
