,loc,cc,nested_depth,params,object_params,fan_in,fan_out,halstead_volume,halstead_effort
ALL,10.609593604263823,3.212524983344437,0.5319786808794137,1.2834776815456364,0.9556295802798135,1.1087941372418388,1.1485676215856095,444.95574816788815,18507.44219253831
PASS,9.662703654777632,2.7996477322765303,0.4914134742404227,1.2906208718626155,0.8626155878467635,1.3205636283575517,0.7120211360634082,357.4029282254513,10357.556305592248
FAIL,10.778397048433943,3.2861292095140904,0.5392102990815606,1.2822042546510715,0.972211319569825,1.0710416830206453,1.2263913964989404,460.56391631996235,19960.33416594709
