loc,cc,nested_depth,params,object_params,fan_in,fan_out,halstead_volume,halstead_effort
10.61374740646543,3.2149119871494545,0.5327621979787163,1.2859915668295294,0.9583026571179974,1.1117060437721706,1.1499230305869754,445.58804631550765,18543.946575195772
9.56523569023569,2.7861952861952863,0.4861111111111111,1.2643097643097643,0.8392255892255892,1.2925084175084176,0.7028619528619529,353.11581228956226,10226.511136363637
10.812017508953442,3.2959808993235176,0.54158376442499,1.290091524074811,0.9808197373656984,1.077516912057302,1.2344608038201352,463.0742403501791,20116.746145642657
